1E-3,0
0.002,-0.02197
0.003,-0.01465
0.004,-0.00488
0.005,-0.00732
0.006,0.00732
0.007,0
0.008,0.00244
0.009,0.00488
0.01,-0.00244
0.011,-0.00488
0.012,-0.00488
0.013,0.00488
0.014,0
0.015,-0.00488
0.016,-0.00244
0.017,0.00488
0.018,0.00977
0.019,0.00977
0.02,-0.00488
0.021,-0.00732
0.022,-0.01221
0.023,0.00244
0.024,-0.00244
0.025,-0.00732
0.026,-0.00244
0.027,0
0.028,-0.01221
0.029,-0.00244
0.03,0.00732
0.031,0.00732
0.032,0
0.033,-0.00244
0.034,0.00488
0.035,-0.00244
0.036,0.00488
0.037,0.00732
0.038,0.00244
0.039,0.00488
0.04,-0.00244
0.041,-0.00488
0.042,0.00244
0.043,0
0.044,0.00244
0.045,0.00732
0.046,-0.00488
0.047,-0.00244
0.048,-0.00244
0.049,0.00244
0.05,0.00244
0.051,0.00244
0.052,0.00244
0.053,0.00244
0.054,0
0.055,0
0.056,-0.00244
0.057,0.00244
0.058,-0.00244
0.059,-0.00244
0.06,-0.00732
0.061,-0.00488
0.062,-0.00488
0.063,-0.00244
0.064,0.00488
0.065,0
0.066,0
0.067,-0.00488
0.068,-0.00488
0.069,-0.00244
0.07,0.00488
0.071,0.00488
0.072,0
0.073,-0.00732
0.074,-0.00244
0.075,0
0.076,0
0.077,0.00244
0.078,0
0.079,0.00488
0.08,-0.00732
0.081,-0.00732
0.082,-0.00244
0.083,-0.00244
0.084,0.00732
0.085,0
0.086,0
0.087,0
0.088,-0.00244
0.089,-0.00488
0.09,-0.00977
0.091,-0.00732
0.092,-0.01465
0.093,0
0.094,0.00488
0.095,-0.00244
0.096,0.00488
0.097,0.00244
0.098,0.00488
0.099,-0.00488
0.1,-0.00732
0.101,-0.00488
0.102,-0.00244
0.103,0.00488
0.104,0
0.105,-0.00244
0.106,0
0.107,0
0.108,-0.00488
0.109,0.00488
0.11,0.00244
0.111,0.00244
0.112,-0.00244
0.113,-0.00732
0.114,-0.00244
0.115,-0.00488
0.116,-0.00244
0.117,-0.00488
0.118,-0.00244
0.119,-0.00977
0.12,-0.01465
0.121,-0.00732
0.122,-0.00488
0.123,-0.00244
0.124,-0.01221
0.125,-0.00488
0.126,-0.00732
0.127,-0.00244
0.128,-0.00977
0.129,-0.01221
0.13,0
0.131,-0.00732
0.132,0
0.133,-0.00488
0.134,-0.00732
0.135,-0.00244
0.136,0.00244
0.137,-0.00244
0.138,-0.00244
0.139,0
0.14,-0.00732
0.141,-0.00488
0.142,-0.00488
0.143,-0.00488
0.144,-0.00244
0.145,0.00732
0.146,-0.00244
0.147,-0.00488
0.148,-0.00488
0.149,-0.00244
0.15,-0.00244
0.151,0.00488
0.152,-0.00732
0.153,-0.00244
0.154,0.00488
0.155,-0.00488
0.156,0.00244
0.157,0
0.158,0.00488
0.159,0.00488
0.16,0.00488
0.161,0.00244
0.162,0.00488
0.163,0.01221
0.164,0
0.165,0.00977
0.166,0.00244
0.167,0.00488
0.168,-0.00244
0.169,-0.00732
0.17,0.00244
0.171,0.00244
0.172,0
0.173,0.00244
0.174,0.00488
0.175,-0.00244
0.176,-0.00244
0.177,-0.00244
0.178,0.00488
0.179,0
0.18,-0.00732
0.181,0
0.182,-0.00244
0.183,-0.00244
0.184,-0.00244
0.185,-0.00244
0.186,-0.00244
0.187,-0.00488
0.188,-0.00244
0.189,0
0.19,0.00244
0.191,0.00732
0.192,0.00488
0.193,0.00732
0.194,0.00244
0.195,-0.00244
0.196,0.00488
0.197,0.00977
0.198,0.00244
0.199,0.00244
0.2,0
0.201,0
0.202,0.00732
0.203,0.00488
0.204,0.00732
0.205,0.00488
0.206,0.00977
0.207,0
0.208,-0.00244
0.209,0.00244
0.21,0.00732
0.211,0.01221
0.212,0
0.213,0
0.214,0.00732
0.215,0.00244
0.216,0.00732
0.217,0
0.218,0.00977
0.219,0.00977
0.22,0.00244
0.221,0
0.222,0
0.223,0.00488
0.224,0.00488
0.225,0.00732
0.226,-0.00244
0.227,-0.00488
0.228,0
0.229,-0.00244
0.23,0.00488
0.231,0.00244
0.232,0
0.233,0.00488
0.234,0.00488
0.235,-0.00732
0.236,0.00244
0.237,0.01221
0.238,0.01221
0.239,0.00977
0.24,0
0.241,-0.00244
0.242,0.00244
0.243,0.00244
0.244,0.00732
0.245,0
0.246,-0.00732
0.247,0.00732
0.248,0.00732
0.249,0.00488
0.25,0.00732
0.251,-0.00244
0.252,0.00488
0.253,0
0.254,-0.00244
0.255,-0.01465
0.256,0.00732
0.257,0.00488
0.258,-0.00244
0.259,0
0.26,-0.01221
0.261,-0.00488
0.262,0
0.263,0
0.264,-0.01221
0.265,-0.00244
0.266,-0.00977
0.267,-0.00977
0.268,-0.02197
0.269,-0.00977
0.27,-0.00244
0.271,0
0.272,-0.00244
0.273,-0.00977
0.274,-0.01221
0.275,-0.00732
0.276,-0.00488
0.277,0
0.278,-0.00488
0.279,-0.00244
0.28,-0.00244
0.281,0
0.282,0.00488
0.283,0
0.284,0
0.285,0.00732
0.286,0.00488
0.287,0
0.288,-0.00488
0.289,-0.00488
0.29,-0.00244
0.291,0.00244
0.292,-0.00244
0.293,0.00244
0.294,0.00244
0.295,-0.00488
0.296,-0.00732
0.297,-0.01465
0.298,-0.00977
0.299,0
0.3,-0.00977
0.301,-0.00732
0.302,-0.00488
0.303,0.00488
0.304,-0.00244
0.305,0
0.306,-0.00977
0.307,-0.00977
0.308,-0.00488
0.309,-0.00977
0.31,0
0.311,-0.00732
0.312,-0.00488
0.313,-0.00488
0.314,-0.00488
0.315,-0.01221
0.316,-0.00488
0.317,-0.00244
0.318,0.00244
0.319,0
0.32,-0.00488
0.321,-0.00732
0.322,-0.00488
0.323,-0.00488
0.324,0
0.325,0.00488
0.326,0
0.327,0.00244
0.328,-0.00244
0.329,0
0.33,0.00244
0.331,0
0.332,0
0.333,-0.00244
0.334,-0.00244
0.335,-0.00732
0.336,0.00977
0.337,0.00244
0.338,-0.00244
0.339,0
0.34,-0.00977
0.341,-0.00732
0.342,-0.00244
0.343,0
0.344,0
0.345,0.00244
0.346,-0.00244
0.347,-0.00244
0.348,-0.00977
0.349,0.00244
0.35,0.00244
0.351,0.00488
0.352,0
0.353,-0.00244
0.354,-0.00488
0.355,-0.00977
0.356,-0.00244
0.357,0
0.358,0.00488
0.359,0.00977
0.36,-0.00488
0.361,-0.00732
0.362,0.00488
0.363,0.00488
0.364,-0.00244
0.365,-0.00244
0.366,-0.00732
0.367,0.00488
0.368,-0.00732
0.369,0.00488
0.37,0.00488
0.371,-0.00977
0.372,-0.00732
0.373,-0.00244
0.374,0
0.375,-0.00488
0.376,0.00244
0.377,0
0.378,0.00244
0.379,0.00488
0.38,-0.00244
0.381,0.00732
0.382,0.00488
0.383,0.01221
0.384,0.00488
0.385,0.00488
0.386,0.00977
0.387,0.00732
0.388,0.00488
0.389,0.00977
0.39,0.00732
0.391,0
0.392,0.00977
0.393,0
0.394,-0.01221
0.395,0.01221
0.396,0.02441
0.397,0.03174
0.398,0.02197
0.399,0.00488
0.4,-0.00244
0.401,-0.00244
0.402,-0.00244
0.403,-0.00732
0.404,-0.01953
0.405,-0.01221
0.406,0.01465
0.407,0.03662
0.408,0.01953
0.409,0.01953
0.41,0.0293
0.411,0.00488
0.412,-0.01709
0.413,-0.00488
0.414,-0.02197
0.415,0.00732
0.416,0.03174
0.417,0.02686
0.418,0
0.419,-0.00732
0.42,-0.01709
0.421,-0.00732
0.422,0.01465
0.423,-0.01953
0.424,-0.03174
0.425,-0.06104
0.426,-0.05127
0.427,0.02197
0.428,0.03174
0.429,0.00732
0.43,0.03662
0.431,0.00732
0.432,-0.0415
0.433,-0.05859
0.434,-0.13916
0.435,-0.13428
0.436,-0.01465
0.437,0.01953
0.438,0.10498
0.439,0.07813
0.44,0.00977
0.441,-0.05127
0.442,-0.04639
0.443,-0.02197
0.444,-0.03418
0.445,-0.05371
0.446,0.07813
0.447,0.04639
0.448,-0.01709
0.449,-0.04639
0.45,-0.00732
0.451,0.03174
0.452,0.07813
0.453,-0.01221
0.454,0.01465
0.455,0.05127
0.456,0.02441
0.457,0.01465
0.458,-0.01221
0.459,0.03174
0.46,0.02441
0.461,0.01709
0.462,0.00244
0.463,0.00244
0.464,-0.0415
0.465,-0.00244
0.466,0.02197
0.467,0.02197
0.468,-0.0293
0.469,0.02197
0.47,0.05615
0.471,-0.00732
0.472,-0.03174
0.473,-0.02197
0.474,0.01221
0.475,-0.02197
0.476,-0.03906
0.477,-0.05615
0.478,-0.00244
0.479,0.00488
0.48,0.02686
0.481,0.01221
0.482,0.0415
0.483,0.01953
0.484,-0.03418
0.485,-0.02441
0.486,0.00488
0.487,0.05127
0.488,0.06592
0.489,-0.03174
0.49,0.00732
0.491,0.01221
0.492,0.01221
0.493,0
0.494,-0.02197
0.495,-0.01465
0.496,0.00977
0.497,0.01221
0.498,0.00244
0.499,0.08545
0.5,0.03662
0.501,-0.04883
0.502,-0.09277
0.503,0.00488
0.504,0.00977
0.505,-0.00732
0.506,0.0415
0.507,0.01709
0.508,0.01953
0.509,-0.01465
0.51,-0.02197
0.511,-0.01709
0.512,0.00244
0.513,0
0.514,0.03174
0.515,0.01465
0.516,-0.02441
0.517,-0.00244
0.518,0.00732
0.519,0.01709
0.52,0
0.521,0.00488
0.522,0.03662
0.523,0.00977
0.524,-0.03662
0.525,-0.05371
0.526,0
0.527,0.04395
0.528,0.05371
0.529,-0.0415
0.53,-0.03418
0.531,0.02197
0.532,0.05615
0.533,0.00488
0.534,-0.01953
0.535,-0.01465
0.536,0.00488
0.537,-0.01465
0.538,-0.00732
0.539,0.00977
0.54,0.00977
0.541,0.01953
0.542,-0.00488
0.543,0.01221
0.544,0.02686
0.545,0.00488
0.546,0.00488
0.547,0.03662
0.548,0.02441
0.549,-0.00977
0.55,-0.00488
0.551,-0.01953
0.552,-0.04395
0.553,-0.08301
0.554,-0.01221
0.555,0.06592
0.556,0.07324
0.557,0.06104
0.558,0.03906
0.559,-0.05127
0.56,-0.05371
0.561,0.00488
0.562,-0.01465
0.563,-0.02686
0.564,0.01709
0.565,0.0415
0.566,-0.0293
0.567,0.00732
0.568,0.00977
0.569,0.03174
0.57,0
0.571,-0.03174
0.572,-0.00244
0.573,0.00488
0.574,-0.01709
0.575,-0.03418
0.576,0.01953
0.577,0.06592
0.578,0.00732
0.579,0
0.58,-0.00977
0.581,-0.01465
0.582,0.00244
0.583,-0.00244
0.584,0.00244
0.585,0.01953
0.586,0.01465
0.587,0
0.588,0.00244
0.589,0
0.59,-0.00488
0.591,0.01465
0.592,0.00488
0.593,0.00488
0.594,0.01953
0.595,0
0.596,-0.01221
0.597,-0.02197
0.598,-0.02686
0.599,-0.00977
0.6,0.00244
0.601,0.01221
0.602,-0.01709
0.603,-0.03174
0.604,-0.01953
0.605,-0.01953
0.606,0.03418
0.607,-0.01465
0.608,-0.02197
0.609,-0.02441
0.61,0.01465
0.611,0.0415
0.612,0.00244
0.613,0.00244
0.614,-0.00732
0.615,-0.01221
0.616,-0.00488
0.617,0.00244
0.618,0.01221
0.619,0.01221
0.62,-0.00488
0.621,-0.00488
0.622,-0.00732
0.623,-0.00977
0.624,0.00244
0.625,-0.00488
0.626,0.00244
0.627,0.0415
0.628,0.01221
0.629,-0.02441
0.63,-0.02686
0.631,-0.01221
0.632,-0.01953
0.633,0.01221
0.634,0.00977
0.635,-0.00977
0.636,-0.00977
0.637,-0.01221
0.638,-0.01465
0.639,-0.01465
0.64,-0.00244
0.641,0.03662
0.642,-0.01709
0.643,-0.0293
0.644,-0.02197
0.645,0.03906
0.646,-0.00488
0.647,-0.01221
0.648,-0.03418
0.649,-0.03174
0.65,0.01709
0.651,0.00488
0.652,-0.00977
0.653,-0.00977
0.654,0
0.655,0.01221
0.656,0.02686
0.657,0.01709
0.658,-0.01709
0.659,-0.00732
0.66,-0.02686
0.661,-0.00977
0.662,-0.01221
0.663,0.02441
0.664,-0.00732
0.665,0.01709
0.666,0
0.667,-0.02197
0.668,0.03174
0.669,0.00977
0.67,-0.06836
0.671,-0.04883
0.672,-0.01953
0.673,0.07324
0.674,0.06348
0.675,0.0293
0.676,0.00488
0.677,-0.03174
0.678,-0.02686
0.679,-0.01221
0.68,-0.01709
0.681,0.01221
0.682,0.02686
0.683,0.0293
0.684,0.03418
0.685,0
0.686,-0.00732
0.687,-0.00488
0.688,-0.00732
0.689,0.0415
0.69,-0.00244
0.691,-0.01953
0.692,-0.02686
0.693,-0.01221
0.694,0.05127
0.695,-0.02686
0.696,-0.02197
0.697,0.00732
0.698,-0.00977
0.699,0.01465
0.7,-0.05371
0.701,-0.02441
0.702,-0.02441
0.703,0.02441
0.704,0.0415
0.705,0.03662
0.706,-0.01221
0.707,0.00244
0.708,-0.00488
0.709,-0.01709
0.71,0.0415
0.711,0.04883
0.712,-0.05371
0.713,-0.09766
0.714,-0.02686
0.715,0.0708
0.716,0.09277
0.717,0.01953
0.718,-0.00244
0.719,0.03174
0.72,-0.01221
0.721,-0.02441
0.722,-0.01465
0.723,-0.03418
0.724,-0.01953
0.725,-0.00244
0.726,0.04883
0.727,0.05859
0.728,-0.00488
0.729,-0.02441
0.73,-0.01709
0.731,0.0293
0.732,0.04395
0.733,-0.02197
0.734,-0.08789
0.735,-0.06592
0.736,0.01221
0.737,0.07568
0.738,0.09521
0.739,0
0.74,-0.0415
0.741,-0.04639
0.742,-0.04395
0.743,-0.01953
0.744,-0.03418
0.745,0.00977
0.746,0.05859
0.747,-0.0293
0.748,-0.06348
0.749,-0.04639
0.75,0.05371
0.751,0.08545
0.752,0.00977
0.753,-0.00977
0.754,-0.00732
0.755,-0.03906
0.756,-0.02686
0.757,-0.05615
0.758,0.00488
0.759,0.04639
0.76,0
0.761,0.03418
0.762,0
0.763,-0.0415
0.764,-0.01221
0.765,0.06104
0.766,0.02441
0.767,-0.03418
0.768,-0.03906
0.769,-0.00732
0.77,0.05371
0.771,0.03174
0.772,-0.01709
0.773,-0.03906
0.774,0.04395
0.775,-0.0293
0.776,-0.02441
0.777,0.00977
0.778,0.01465
0.779,0.00488
0.78,0
0.781,-0.03906
0.782,0.01953
0.783,0.02441
0.784,-0.02441
0.785,-0.05371
0.786,-0.03906
0.787,0.0293
0.788,0.03418
0.789,0.05127
0.79,-0.03174
0.791,-0.02441
0.792,-0.0415
0.793,0
0.794,0.06592
0.795,0.02197
0.796,-0.00488
0.797,-0.00732
0.798,-0.00244
0.799,-0.00244
0.8,-0.01221
0.801,0.03906
0.802,0.01221
0.803,0.01221
0.804,-0.00488
0.805,-0.03662
0.806,0.0293
0.807,0.01465
0.808,-0.0293
0.809,-0.00244
0.81,-0.02686
0.811,-0.02197
0.812,0.01953
0.813,-0.01709
0.814,-0.01465
0.815,-0.01221
0.816,0.02197
0.817,0.02441
0.818,0.00732
0.819,0.01221
0.82,-0.00244
0.821,-0.03906
0.822,-0.05615
0.823,-0.03418
0.824,0.03906
0.825,0.06592
0.826,0.0293
0.827,0.01709
0.828,-0.01221
0.829,-0.01465
0.83,-0.00244
0.831,0.00488
0.832,-0.00977
0.833,-0.01953
0.834,0.00488
0.835,0.01221
0.836,0.03174
0.837,-0.00244
0.838,-0.03906
0.839,-0.01709
0.84,0.03418
0.841,0.01953
0.842,0.00977
0.843,-0.01221
0.844,-0.00977
0.845,0
0.846,-0.01465
0.847,-0.03662
0.848,0.01221
0.849,0.06592
0.85,0.01465
0.851,-0.01465
0.852,-0.00488
0.853,-0.01221
0.854,0.01221
0.855,0.01465
0.856,0
0.857,0.00244
0.858,0.00244
0.859,0.00488
0.86,0.00488
0.861,0.03174
0.862,0.00732
0.863,-0.02686
0.864,-0.00488
0.865,0
0.866,0.02441
0.867,0.00732
0.868,-0.00244
0.869,0.00244
0.87,0.00244
0.871,0
0.872,0
0.873,-0.00488
0.874,0
0.875,-0.01221
0.876,0
0.877,0.02197
0.878,0.00488
0.879,0.00488
0.88,0
0.881,-0.00244
0.882,-0.00244
0.883,0.00488
0.884,0
0.885,0.00488
0.886,0.00488
0.887,0
0.888,0.00244
0.889,-0.00244
0.89,0.00244
0.891,0.00488
0.892,0.00244
0.893,-0.00244
0.894,0.00244
0.895,-0.01221
0.896,0.00488
0.897,0.00732
0.898,0.00488
0.899,0.00244
0.9,0.00488
0.901,0.00732
0.902,-0.00732
0.903,0
0.904,0.00244
0.905,0.00488
0.906,0.00732
0.907,-0.00244
0.908,0.00244
0.909,0.00488
0.91,0.00732
0.911,0.00977
0.912,0.00488
0.913,-0.00244
0.914,0.00732
0.915,-0.00732
0.916,-0.00977
0.917,-0.00977
0.918,0.00488
0.919,0.00977
0.92,0.00488
0.921,-0.00488
0.922,-0.00488
0.923,0.00488
0.924,-0.01221
0.925,-0.00244
0.926,-0.00488
0.927,0.01465
0.928,0.00244
0.929,-0.00488
0.93,-0.00732
0.931,0.00244
0.932,0.01709
0.933,0.00977
0.934,0.00488
0.935,0
0.936,0.00732
0.937,0.00488
0.938,0.00488
0.939,0.00244
0.94,-0.02686
0.941,-0.01709
0.942,-0.00244
0.943,0.03418
0.944,0.03418
0.945,0.00732
0.946,0
0.947,-0.00488
0.948,-0.00244
0.949,-0.00732
0.95,0.00244
0.951,0.00488
0.952,0.00488
0.953,-0.00732
0.954,-0.02686
0.955,-0.02686
0.956,0.01465
0.957,0.0415
0.958,0.03662
0.959,0.00488
0.96,0
0.961,-0.00732
0.962,-0.00732
0.963,-0.00244
0.964,0
0.965,0.00732
0.966,0.01221
0.967,0
0.968,0.00244
0.969,0.00244
0.97,0.01465
0.971,0.00732
0.972,0.01709
0.973,-0.00244
0.974,0.00488
0.975,-0.00488
0.976,0.00244
0.977,-0.00244
0.978,0.00488
0.979,0.00977
0.98,-0.00732
0.981,0.00244
0.982,-0.00488
0.983,0
0.984,0.00488
0.985,0.00488
0.986,0.00488
0.987,-0.00244
0.988,-0.00244
0.989,0
0.99,0.00244
0.991,0.00488
0.992,0.00488
0.993,0.00732
0.994,0.00244
0.995,-0.00732
0.996,-0.00977
0.997,0.00488
0.998,0.01221
0.999,0.01221
1,0.00244
1.001,-0.00977
1.002,-0.00244
1.003,0.00488
1.004,0.01465
1.005,0.00488
1.006,0.00732
1.007,0.00244
1.008,0.00488
1.009,0.00488
1.01,0
1.011,0.00732
1.012,0.01465
1.013,0.00732
1.014,0.00488
1.015,0
1.016,0.00977
1.017,0.00732
1.018,0.01221
1.019,0.00732
1.02,0.00244
1.021,0.00732
1.022,0.00244
1.023,0.00244
1.024,0
1.025,0.01221
1.026,0.00732
1.027,0.00244
1.028,0
1.029,0
1.03,-0.00732
1.031,-0.00488
1.032,0.00244
1.033,0.00244
1.034,-0.00488
1.035,-0.00244
1.036,-0.00488
1.037,0.00244
1.038,-0.00488
1.039,0.00244
1.04,0.00488
1.041,-0.00732
1.042,0
1.043,-0.00244
1.044,0.00244
1.045,0.00732
1.046,0.00732
1.047,-0.00732
1.048,-0.00244
1.049,-0.00977
1.05,-0.00732
1.051,0
1.052,-0.00732
1.053,0
1.054,0.00488
1.055,-0.00488
1.056,-0.00488
1.057,-0.00732
1.058,0.00244
1.059,0.00488
1.06,-0.00732
1.061,-0.00732
1.062,-0.00488
1.063,0.00244
1.064,0
1.065,0.00244
1.066,0
1.067,-0.00244
1.068,-0.00732
1.069,-0.01221
1.07,-0.00488
1.071,0.00244
1.072,0.00732
1.073,0.00488
1.074,-0.00732
1.075,-0.00488
1.076,-0.00244
1.077,0.00244
1.078,0.00732
1.079,0.00977
1.08,-0.00732
1.081,-0.00488
1.082,-0.00977
1.083,-0.00244
1.084,-0.00244
1.085,0.00244
1.086,0.00732
1.087,-0.00732
1.088,-0.00732
1.089,-0.01953
1.09,-0.00244
1.091,0
1.092,0.00488
1.093,-0.00977
1.094,-0.00244
1.095,-0.01221
1.096,-0.01221
1.097,-0.00244
1.098,0
1.099,-0.00488
1.1,-0.01221
1.101,-0.00244
1.102,0.00244
1.103,-0.00244
1.104,-0.00977
1.105,0.00977
1.106,0.00732
1.107,0
1.108,-0.00244
1.109,-0.00732
1.11,0.00244
1.111,0.00488
1.112,0.00244
1.113,-0.00488
1.114,0
1.115,-0.00244
1.116,0
1.117,0
1.118,0.00488
1.119,0.00244
1.12,0
1.121,0
1.122,0.00488
1.123,0
1.124,-0.00732
1.125,0.00977
1.126,-0.00244
1.127,0
1.128,0.00488
1.129,0.00244
1.13,0.00732
1.131,-0.00732
1.132,0.00244
1.133,0
1.134,0.00732
1.135,0
1.136,-0.00488
1.137,0
1.138,0.00244
1.139,0.00732
1.14,0
1.141,-0.00732
1.142,0
1.143,0.00977
1.144,0.00732
1.145,0.00977
1.146,0.00488
1.147,0
1.148,-0.00488
1.149,-0.00488
1.15,0.00244
1.151,0.00488
1.152,0.00732
1.153,-0.00488
1.154,-0.01465
1.155,-0.01465
1.156,0.00244
1.157,0.00488
1.158,0.00488
1.159,0.00244
1.16,-0.00244
1.161,-0.00977
1.162,0.00244
1.163,0.00244
1.164,-0.00244
1.165,0.00488
1.166,0.00488
1.167,-0.00488
1.168,-0.00244
1.169,-0.00488
1.17,0.00488
1.171,0.00732
1.172,0.00732
1.173,-0.00732
1.174,0.00244
1.175,0
1.176,0
1.177,0.00488
1.178,0.00732
1.179,0.00488
1.18,-0.00244
1.181,0.00977
1.182,0.00977
1.183,0.00977
1.184,0.00732
1.185,0.00732
1.186,0.01221
1.187,0.00732
1.188,0.00244
1.189,0.00732
1.19,0.01221
1.191,0.01953
1.192,0.01221
1.193,0.00244
1.194,0.01221
1.195,0.00488
1.196,-0.00244
1.197,0.00732
1.198,0.00977
1.199,0.01221
1.2,0.01221
1.201,0.00488
1.202,0.00488
1.203,0.00732
1.204,0.00488
1.205,0.01221
1.206,0.00732
1.207,0.00244
1.208,0
1.209,0
1.21,0
1.211,0.00977
1.212,0.00244
1.213,0.00488
1.214,0.01221
1.215,-0.00244
1.216,0.00244
1.217,0.01221
1.218,0.01465
1.219,0.00488
1.22,-0.00244
1.221,0
1.222,0.00732
1.223,0.00488
1.224,0.00488
1.225,0.00977
1.226,0.00977
1.227,0.00244
1.228,0.00488
1.229,0
1.23,0.00977
1.231,0.01221
1.232,0.00977
1.233,0.00244
1.234,0.00488
1.235,0.00488
1.236,-0.00488
1.237,0.01221
1.238,0.00244
1.239,0.00244
1.24,-0.00244
1.241,0.00488
1.242,-0.00244
1.243,-0.00732
1.244,-0.00977
1.245,0.00488
1.246,0
1.247,-0.00977
1.248,-0.01221
1.249,-0.01709
1.25,-0.00488
1.251,0.00488
1.252,-0.00732
1.253,-0.01221
1.254,-0.00244
1.255,-0.00977
1.256,-0.01465
1.257,-0.01221
1.258,-0.00488
1.259,0
1.26,-0.00732
1.261,-0.01221
1.262,-0.00732
1.263,-0.00244
1.264,0.00244
1.265,0.00732
1.266,0.00488
1.267,-0.00732
1.268,-0.00732
1.269,-0.01221
1.27,0.00244
1.271,-0.00244
1.272,0.00488
1.273,-0.00244
1.274,0
1.275,-0.00977
1.276,-0.00488
1.277,-0.00244
1.278,0
1.279,-0.00488
1.28,-0.00488
1.281,-0.00977
1.282,-0.00977
1.283,0.00732
1.284,-0.00977
1.285,0
1.286,0
1.287,-0.00244
1.288,-0.00244
1.289,0
1.29,-0.00488
1.291,0.00244
1.292,0.00244
1.293,-0.00488
1.294,-0.00488
1.295,-0.01221
1.296,0.00244
1.297,0.00732
1.298,-0.00244
1.299,-0.00244
1.3,-0.00732
1.301,-0.00732
1.302,-0.00977
1.303,0
1.304,-0.00488
1.305,0.00244
1.306,0.00244
1.307,-0.00488
1.308,-0.00244
1.309,-0.01953
1.31,0.00488
1.311,0.00732
1.312,0.00488
1.313,-0.00244
1.314,0.00244
1.315,-0.00732
1.316,0.00244
1.317,0
1.318,0.00244
1.319,0.00488
1.32,0.00488
1.321,0
1.322,-0.00488
1.323,-0.00244
1.324,0
1.325,0.00244
1.326,0.00244
1.327,-0.00732
1.328,-0.00732
1.329,-0.00488
1.33,0
1.331,0.00244
1.332,0.00244
1.333,-0.00488
1.334,0.00488
1.335,0.00244
1.336,-0.01221
1.337,0.00488
1.338,0.00488
1.339,0.00732
1.34,-0.00244
1.341,-0.00244
1.342,0
1.343,0.00244
1.344,-0.00488
1.345,0.00732
1.346,0.00732
1.347,0.00488
1.348,0.00488
1.349,0.00488
1.35,0.00244
1.351,0.00488
1.352,0.01465
1.353,0.01221
1.354,0.00732
1.355,0
1.356,-0.00488
1.357,0.00244
1.358,0.00244
1.359,0.01221
1.36,0.01221
1.361,-0.00244
1.362,-0.00244
1.363,0.00244
1.364,-0.00244
1.365,-0.00488
1.366,0.00732
1.367,0
1.368,-0.00244
1.369,-0.00244
1.37,0.00244
1.371,0
1.372,0.00244
1.373,0
1.374,0
1.375,0
1.376,-0.00488
1.377,-0.00488
1.378,-0.00244
1.379,0.00488
1.38,0
1.381,0.00488
1.382,-0.01221
1.383,-0.00732
1.384,-0.01221
1.385,-0.00488
1.386,-0.00244
1.387,0.03174
1.388,0.01221
1.389,0.00244
1.39,-0.00244
1.391,-0.00732
1.392,-0.00977
1.393,-0.00977
1.394,0.00244
1.395,-0.02197
1.396,-0.00977
1.397,-0.01709
1.398,-0.00977
1.399,0.03418
1.4,0.03662
1.401,0.00488
1.402,-0.05615
1.403,-0.05615
1.404,-0.0415
1.405,-0.02197
1.406,0.02686
1.407,0.05615
1.408,0.0293
1.409,-0.01709
1.41,-0.0415
1.411,-0.02686
1.412,-0.03418
1.413,-0.03418
1.414,0.03174
1.415,0.01465
1.416,-0.00244
1.417,-0.01221
1.418,0.00977
1.419,-0.03662
1.42,-0.0708
1.421,-0.00488
1.422,0.06104
1.423,0.03418
1.424,-0.01709
1.425,-0.03418
1.426,-0.00244
1.427,0.02197
1.428,-0.03906
1.429,-0.04395
1.43,0.01709
1.431,0.03662
1.432,0.06836
1.433,-0.03418
1.434,-0.0293
1.435,-0.00244
1.436,0.02197
1.437,0.03418
1.438,0.00488
1.439,-0.05615
1.44,-0.05371
1.441,0.01221
1.442,0.01953
1.443,0.0415
1.444,0.0293
1.445,-0.00244
1.446,-0.01709
1.447,0.05371
1.448,0.00977
1.449,-0.03174
1.45,-0.03418
1.451,-0.00244
1.452,0
1.453,0.03174
1.454,0.02686
1.455,0.00732
1.456,0.01465
1.457,0.00977
1.458,0.03906
1.459,0.02197
1.46,-0.00244
1.461,-0.00732
1.462,-0.03174
1.463,-0.01221
1.464,0.02197
1.465,0.04639
1.466,0.01953
1.467,-0.00244
1.468,-0.02686
1.469,-0.03174
1.47,0.00244
1.471,0.02441
1.472,0.00488
1.473,-0.02197
1.474,-0.03418
1.475,0.00732
1.476,0.02197
1.477,0.02686
1.478,-0.00244
1.479,-0.00732
1.48,-0.03906
1.481,-0.0708
1.482,-0.05615
1.483,0.06104
1.484,0.05371
1.485,0.04395
1.486,0.00732
1.487,-0.00732
1.488,0.00732
1.489,-0.01221
1.49,-0.00244
1.491,-0.01465
1.492,-0.00732
1.493,-0.01465
1.494,0.01465
1.495,0.0293
1.496,0.02686
1.497,0.04395
1.498,0.02441
1.499,0.00977
1.5,0.00244
1.501,0.00244
1.502,0.00244
1.503,0
1.504,0.00488
1.505,-0.00732
1.506,-0.01221
1.507,-0.00977
1.508,0.01221
1.509,0.00732
1.51,0.00732
1.511,0
1.512,-0.05859
1.513,-0.08057
1.514,-0.00732
1.515,0.00732
1.516,0.02197
1.517,0.03418
1.518,-0.01465
1.519,0
1.52,-0.03174
1.521,-0.00977
1.522,-0.00732
1.523,-0.02686
1.524,0.05615
1.525,0.04395
1.526,0.00488
1.527,0.00488
1.528,-0.00488
1.529,-0.00977
1.53,-0.00732
1.531,0
1.532,0.00977
1.533,-0.04639
1.534,0.00488
1.535,0.05371
1.536,0.06348
1.537,0.05127
1.538,-0.00488
1.539,-0.02441
1.54,-0.02441
1.541,-0.00977
1.542,-0.00732
1.543,-0.00244
1.544,0.01465
1.545,0.00732
1.546,0.02197
1.547,-0.02197
1.548,-0.01221
1.549,-0.04639
1.55,0.02197
1.551,0.07324
1.552,0.03418
1.553,0.02686
1.554,-0.03174
1.555,-0.0293
1.556,0.00488
1.557,0.00244
1.558,-0.01465
1.559,-0.00732
1.56,-0.01953
1.561,0.01465
1.562,0.05371
1.563,-0.00977
1.564,-0.06592
1.565,0.01221
1.566,0.01709
1.567,-0.01465
1.568,0.01221
1.569,0.00488
1.57,0.03906
1.571,-0.02197
1.572,0.00488
1.573,-0.01221
1.574,-0.01953
1.575,0.00244
1.576,-0.01465
1.577,-0.03174
1.578,-0.02686
1.579,0.0708
1.58,0.03418
1.581,0.00488
1.582,-0.02441
1.583,-0.02197
1.584,-0.00244
1.585,-0.00488
1.586,0.0293
1.587,0.01953
1.588,0.00488
1.589,-0.02441
1.59,0.02686
1.591,0.02441
1.592,-0.00244
1.593,0.01709
1.594,-0.00244
1.595,0
1.596,-0.02441
1.597,0.00977
1.598,-0.00977
1.599,-0.02441
1.6,-0.01953
1.601,-0.07324
1.602,-0.00488
1.603,0.01221
1.604,0.02686
1.605,0.00977
1.606,-0.01221
1.607,-0.05615
1.608,-0.01709
1.609,-0.00977
1.61,-0.01709
1.611,-0.03174
1.612,0
1.613,-0.02441
1.614,-0.02441
1.615,0.05127
1.616,0.06592
1.617,0.02441
1.618,-0.01221
1.619,-0.02686
1.62,0.00977
1.621,0.02197
1.622,0.04395
1.623,0.0293
1.624,0.00732
1.625,0.00732
1.626,0.01465
1.627,0.00488
1.628,-0.00732
1.629,-0.01709
1.63,-0.00488
1.631,0.01953
1.632,-0.00488
1.633,-0.00244
1.634,-0.00244
1.635,0.01221
1.636,0.01465
1.637,-0.00732
1.638,-0.04395
1.639,-0.00732
1.64,-0.0293
1.641,-0.0415
1.642,0.00244
1.643,0.02197
1.644,-0.00488
1.645,-0.05371
1.646,-0.02686
1.647,0.02441
1.648,0.04639
1.649,0.00488
1.65,0.01221
1.651,-0.02441
1.652,-0.03906
1.653,-0.03174
1.654,0.00488
1.655,0.03418
1.656,0.00732
1.657,0.01709
1.658,0.01221
1.659,0.02441
1.66,-0.01221
1.661,-0.03174
1.662,-0.04639
1.663,0.00977
1.664,0.02441
1.665,0.04883
1.666,0.07324
1.667,-0.00488
1.668,-0.03662
1.669,0.00244
1.67,0.01221
1.671,0.0293
1.672,-0.01953
1.673,0.01953
1.674,-0.00488
1.675,-0.01709
1.676,-0.03418
1.677,0.03174
1.678,0.05371
1.679,-0.00488
1.68,-0.00244
1.681,0.00732
1.682,-0.01465
1.683,0.00244
1.684,-0.06104
1.685,-0.04639
1.686,-0.03662
1.687,0.08301
1.688,0.09277
1.689,0.00732
1.69,0.00244
1.691,-0.01465
1.692,-0.01709
1.693,-0.06836
1.694,-0.07568
1.695,-0.02686
1.696,0.01709
1.697,0.05859
1.698,0.03906
1.699,0.04639
1.7,0.01465
1.701,-0.0293
1.702,-0.01953
1.703,-0.00977
1.704,-0.01465
1.705,0.01709
1.706,0.02441
1.707,-0.02441
1.708,-0.0293
1.709,0.02686
1.71,-0.02197
1.711,-0.07324
1.712,0.02686
1.713,0.04639
1.714,0.09277
1.715,-0.01709
1.716,-0.02686
1.717,-0.01221
1.718,-0.0293
1.719,-0.00244
1.72,0.03906
1.721,-0.00244
1.722,-0.02197
1.723,-0.01709
1.724,0.00977
1.725,-0.00244
1.726,0.00244
1.727,0.0293
1.728,0.0415
1.729,0.00732
1.73,-0.01465
1.731,-0.03418
1.732,0.02441
1.733,0.00732
1.734,-0.01465
1.735,-0.01709
1.736,-0.00488
1.737,0.01221
1.738,0
1.739,-0.03174
1.74,-0.07813
1.741,0.00488
1.742,-0.00732
1.743,0.03174
1.744,0.03418
1.745,-0.00244
1.746,-0.06104
1.747,-0.05127
1.748,-0.00732
1.749,0.04639
1.75,0.02441
1.751,-0.01953
1.752,-0.01221
1.753,-0.00244
1.754,0.01709
1.755,0.02686
1.756,-0.02441
1.757,-0.00732
1.758,-0.01953
1.759,-0.0293
1.76,0.04883
1.761,0.03174
1.762,0.00977
1.763,0.00732
1.764,0.01221
1.765,-0.01221
1.766,-0.01221
1.767,-0.00244
1.768,0.00732
1.769,-0.00488
1.77,-0.03418
1.771,-0.01709
1.772,-0.03906
1.773,0.03662
1.774,0.04883
1.775,0.00488
1.776,-0.03906
1.777,-0.02197
1.778,0.00977
1.779,0.0293
1.78,0.00488
1.781,-0.01221
1.782,0
1.783,0.00977
1.784,-0.01953
1.785,-0.02686
1.786,-0.01953
1.787,-0.01709
1.788,-0.03174
1.789,-0.02686
1.79,0.01953
1.791,0.06592
1.792,0.03174
1.793,-0.00488
1.794,-0.0415
1.795,0.00488
1.796,0.04883
1.797,0.01709
1.798,-0.00488
1.799,-0.00732
1.8,-0.00488
1.801,-0.00488
1.802,0.00244
1.803,-0.00488
1.804,0.02441
1.805,0.04883
1.806,0.01709
1.807,-0.00244
1.808,-0.01709
1.809,-0.00732
1.81,-0.01953
1.811,0.00732
1.812,0.04883
1.813,0.00732
1.814,-0.00732
1.815,-0.00244
1.816,-0.01709
1.817,0
1.818,0.01709
1.819,0.01953
1.82,0.00977
1.821,-0.00488
1.822,-0.00244
1.823,0.01465
1.824,-0.00244
1.825,-0.01953
1.826,0.02441
1.827,0
1.828,0.00244
1.829,0.03418
1.83,0.00488
1.831,0.00488
1.832,0.02197
1.833,0.00488
1.834,-0.01221
1.835,-0.01709
1.836,-0.03906
1.837,-0.03174
1.838,0.01465
1.839,0.03418
1.84,0.03174
1.841,-0.01221
1.842,-0.03174
1.843,0.02197
1.844,0.0293
1.845,-0.01465
1.846,0.00977
1.847,-0.00732
1.848,-0.02197
1.849,-0.03906
1.85,-0.01953
1.851,0.00977
1.852,0.06592
1.853,0.00977
1.854,-0.03906
1.855,-0.05371
1.856,0.00244
1.857,0.05371
1.858,-0.00977
1.859,-0.01953
1.86,-0.02686
1.861,-0.03418
1.862,-0.05615
1.863,-0.00488
1.864,0.06104
1.865,0.03906
1.866,0.01221
1.867,-0.02197
1.868,-0.03174
1.869,-0.02686
1.87,0
1.871,0.04883
1.872,0.00977
1.873,0.00488
1.874,0.01221
1.875,0.00244
1.876,0
1.877,0.00488
1.878,0.00244
1.879,0
1.88,0.0293
1.881,0.01465
1.882,0
1.883,-0.00732
1.884,0
1.885,-0.00244
1.886,0.00488
1.887,0.00488
1.888,-0.00488
1.889,0.00977
1.89,0.00732
1.891,-0.00244
1.892,0
1.893,-0.02441
1.894,-0.01465
1.895,0.01465
1.896,-0.01465
1.897,0.03174
1.898,-0.01221
1.899,-0.00244
1.9,-0.00244
1.901,0.01465
1.902,0.02686
1.903,0.00244
1.904,-0.00244
1.905,0.00244
1.906,0
1.907,0.00488
1.908,0.00732
1.909,0.00244
1.91,0.00488
1.911,0.00488
1.912,0.02197
1.913,0.00977
1.914,0.00488
1.915,-0.00732
1.916,-0.01221
1.917,0.00488
1.918,0.00977
1.919,0.02441
1.92,-0.00488
1.921,0.00244
1.922,-0.00488
1.923,0.00244
1.924,0.00244
1.925,0.00244
1.926,0.00244
1.927,0
1.928,-0.00488
1.929,0
1.93,0.00488
1.931,0.01465
1.932,0.00488
1.933,0.00488
1.934,0.00488
1.935,0.00732
1.936,0
1.937,0.00244
1.938,0
1.939,0.00732
1.94,0.00244
1.941,-0.00244
1.942,0.00244
1.943,0.00488
1.944,0.00244
1.945,0.00732
1.946,0.00244
1.947,-0.00244
1.948,-0.00244
1.949,-0.00488
1.95,-0.00244
1.951,-0.00244
1.952,0
1.953,0.00244
1.954,0
1.955,0.00244
1.956,0
1.957,-0.00244
1.958,0
1.959,0.00977
1.96,-0.00244
1.961,-0.00244
1.962,-0.00488
1.963,-0.00244
1.964,0
1.965,-0.00488
1.966,0.00244
1.967,0.00244
1.968,0
1.969,-0.00488
1.97,-0.00244
1.971,-0.00244
1.972,0.00732
1.973,0.00244
1.974,0.00488
1.975,-0.00244
1.976,-0.00732
1.977,0.00488
1.978,0.01221
1.979,0.00244
1.98,0.00244
1.981,-0.00488
1.982,0.00244
1.983,0.00244
1.984,0.00732
1.985,-0.00488
1.986,-0.00732
1.987,-0.01709
1.988,0
1.989,-0.00732
1.99,-0.00488
1.991,0.00244
1.992,0.00488
1.993,0.00244
1.994,0
1.995,-0.00244
1.996,-0.01465
1.997,-0.00488
1.998,-0.00244
1.999,0.00244
2,-0.00244
2.001,-0.00244
2.002,-0.00244
2.003,0.00488
2.004,0.00244
2.005,0.00488
2.006,0.00732
2.007,0
2.008,-0.00488
2.009,0.00244
2.01,0
2.011,-0.00488
2.012,0
2.013,-0.00488
2.014,0.00488
2.015,0.00488
2.016,-0.00488
2.017,-0.00244
2.018,-0.00244
2.019,0.00244
2.02,0.00488
2.021,-0.00488
2.022,-0.00732
2.023,0
2.024,0.00732
2.025,-0.00244
2.026,0.00244
2.027,-0.00732
2.028,0
2.029,0
2.03,-0.00732
2.031,0
2.032,0.00244
2.033,-0.00244
2.034,0
2.035,0
2.036,-0.01221
2.037,-0.00488
2.038,-0.00244
2.039,-0.00244
2.04,-0.00488
2.041,-0.00977
2.042,-0.00977
2.043,0
2.044,0
2.045,0
2.046,-0.00732
2.047,-0.00244
2.048,-0.00244
2.049,-0.01221
2.05,-0.01221
2.051,0.00244
2.052,-0.00488
2.053,-0.00244
2.054,-0.00244
2.055,-0.00732
2.056,-0.00488
2.057,0.00488
2.058,0.00488
2.059,0
2.06,-0.00732
2.061,-0.00488
2.062,-0.01465
2.063,0.00244
2.064,0
2.065,0.01221
2.066,0.01221
2.067,-0.00732
2.068,-0.00977
2.069,-0.01465
2.07,0
2.071,0.00488
2.072,0.00732
2.073,-0.00244
2.074,-0.00244
2.075,0.00488
2.076,-0.00732
2.077,0.00488
2.078,-0.00488
2.079,0.00244
2.08,0.00732
2.081,0.00732
2.082,-0.00977
2.083,-0.00244
2.084,0
2.085,-0.00244
2.086,0.00244
2.087,-0.00244
2.088,0
2.089,-0.00244
2.09,0.00488
2.091,0
2.092,0.00732
2.093,0
2.094,-0.00488
2.095,0.00244
2.096,-0.00977
2.097,0
2.098,0.00244
2.099,0.00977
2.1,-0.00244
2.101,-0.00732
2.102,-0.00244
2.103,0
2.104,-0.00244
2.105,-0.00244
2.106,-0.00732
2.107,-0.00488
2.108,-0.00244
2.109,0.00488
2.11,0
2.111,-0.00977
2.112,0
2.113,-0.00244
2.114,-0.00732
2.115,-0.01221
2.116,-0.00732
2.117,-0.00732
2.118,-0.00244
2.119,0.00488
2.12,-0.00488
2.121,-0.00488
2.122,-0.00977
2.123,-0.00488
2.124,0
2.125,-0.00244
2.126,0.00244
2.127,0.00244
2.128,0.00977
2.129,0
2.13,0.00244
2.131,0
2.132,0.00977
2.133,0.00977
2.134,-0.00732
2.135,0
2.136,0
2.137,0.00488
2.138,0.01465
2.139,0.01221
2.14,0.00977
2.141,0.00244
2.142,0.00244
2.143,-0.00244
2.144,0.00488
2.145,0.00732
2.146,0.01709
2.147,0.00488
2.148,0
2.149,0
2.15,0.00732
2.151,0.00732
2.152,0.00732
2.153,0.00488
2.154,0.00488
2.155,0.00977
2.156,-0.00244
2.157,0.00732
2.158,0.00732
2.159,0.00732
2.16,0.00977
2.161,0
2.162,0
2.163,0.00244
2.164,0
2.165,0.00244
2.166,0.00488
2.167,0.00244
2.168,0.00244
2.169,-0.00244
2.17,0.00244
2.171,-0.00488
2.172,0.00244
2.173,0
2.174,-0.00244
2.175,0
2.176,-0.01221
2.177,-0.00488
2.178,0
2.179,0.00244
2.18,-0.00977
2.181,-0.00977
2.182,-0.00488
2.183,0
2.184,-0.00488
2.185,-0.00732
2.186,0.00244
2.187,-0.00732
2.188,0
2.189,-0.00732
2.19,-0.01221
2.191,-0.00488
2.192,0.00488
2.193,0.00488
2.194,-0.00244
2.195,0
2.196,-0.00488
2.197,0.00244
2.198,0
2.199,0
2.2,-0.00244
2.201,0
2.202,0
2.203,0
2.204,-0.00488
2.205,-0.00244
2.206,-0.00244
2.207,-0.00488
2.208,0
2.209,-0.00732
2.21,-0.00732
2.211,-0.00488
2.212,-0.00488
2.213,-0.00977
2.214,-0.01953
2.215,-0.01465
2.216,-0.01709
2.217,-0.00977
2.218,-0.01953
2.219,-0.01953
2.22,-0.01221
2.221,-0.01221
2.222,-0.0293
2.223,-0.00977
2.224,-0.01465
2.225,-0.00977
2.226,-0.00488
2.227,-0.01221
2.228,-0.00732
2.229,-0.00977
2.23,-0.01465
2.231,-0.01709
2.232,-0.00488
2.233,-0.01221
2.234,-0.00977
2.235,-0.00488
2.236,-0.00977
2.237,-0.00244
2.238,0.00488
2.239,0.00244
2.24,-0.00244
2.241,-0.00488
2.242,-0.00488
2.243,-0.00244
2.244,0.00488
2.245,-0.00244
2.246,-0.00244
2.247,-0.00244
2.248,0.00244
2.249,0.00244
2.25,-0.00977
2.251,-0.00244
2.252,0.01465
2.253,0.00488
2.254,-0.00244
2.255,-0.00244
2.256,-0.00244
2.257,0
2.258,0
2.259,0.00244
2.26,-0.00488
2.261,-0.00244
2.262,0.00244
2.263,0.00244
2.264,0.01221
2.265,0.00488
2.266,0.00977
2.267,0.00244
2.268,0
2.269,-0.00977
2.27,-0.00732
2.271,0.00244
2.272,0.00244
2.273,0
2.274,0
2.275,-0.00244
2.276,-0.00244
2.277,0.00488
2.278,0.00244
2.279,0
2.28,0.01221
2.281,0.00732
2.282,0.00244
2.283,0
2.284,0.00488
2.285,0.00732
2.286,0.01221
2.287,0.00244
2.288,0.00488
2.289,0.00244
2.29,0.00488
2.291,0.01221
2.292,0.01465
2.293,0.00977
2.294,0.00977
2.295,0.00732
2.296,0.00732
2.297,0.01221
2.298,0.00977
2.299,0.01465
2.3,0.00488
2.301,0.00732
2.302,-0.00244
2.303,0
2.304,0.00977
2.305,0.00488
2.306,0.01709
2.307,0.00488
2.308,0.00977
2.309,0.00244
2.31,0.00488
2.311,0.00488
2.312,0.00977
2.313,0.00732
2.314,0.00732
2.315,0.00244
2.316,-0.00488
2.317,0.00488
2.318,0.01221
2.319,0.00977
2.32,0.00244
2.321,-0.00488
2.322,0.00732
2.323,0.00732
2.324,0.00732
2.325,0.00732
2.326,0.01221
2.327,0.00244
2.328,0.00488
2.329,0
2.33,0.00244
2.331,0.00488
2.332,0.00977
2.333,0.00732
2.334,0.00488
2.335,0.00488
2.336,0
2.337,0.00732
2.338,0.01465
2.339,0
2.34,0.00244
2.341,0.00488
2.342,-0.00488
2.343,0
2.344,0
2.345,0.00244
2.346,0.00732
2.347,0.00244
2.348,-0.00732
2.349,-0.00488
2.35,-0.00977
2.351,0.00488
2.352,0.00732
2.353,0.00732
2.354,0.00977
2.355,0.01221
2.356,-0.00244
2.357,0.00732
2.358,-0.00488
2.359,0
2.36,0.00244
2.361,-0.00732
2.362,-0.00732
2.363,0.01221
2.364,0
2.365,0.00244
2.366,0.00488
2.367,-0.00488
2.368,-0.00488
2.369,-0.00488
2.37,0
2.371,0.00244
2.372,0.00244
2.373,-0.00244
2.374,-0.00488
2.375,-0.00488
2.376,-0.00977
2.377,-0.00977
2.378,0.00488
2.379,0.00732
2.38,0.00488
2.381,-0.00244
2.382,-0.00488
2.383,-0.00244
2.384,-0.00244
2.385,-0.00488
2.386,0
2.387,-0.00732
2.388,-0.00732
2.389,-0.00488
2.39,-0.00488
2.391,-0.00977
2.392,-0.00732
2.393,-0.00244
2.394,0.00244
2.395,0.00244
2.396,-0.00977
2.397,-0.00732
2.398,-0.00732
2.399,-0.00244
2.4,-0.00244
2.401,-0.01953
2.402,-0.01465
2.403,-0.00488
2.404,0.00977
2.405,0.00732
2.406,0
2.407,-0.01465
2.408,-0.01953
2.409,-0.0293
2.41,0.00244
2.411,-0.00244
2.412,-0.02197
2.413,-0.02197
2.414,-0.00732
2.415,0.00732
2.416,0.01465
2.417,0.02441
2.418,0.00977
2.419,-0.01221
2.42,-0.01465
2.421,-0.00977
2.422,0.00977
2.423,0.00977
2.424,-0.00244
2.425,-0.00488
2.426,0.01709
2.427,0.01221
2.428,0.02686
2.429,-0.00244
2.43,-0.01709
2.431,-0.03418
2.432,-0.01465
2.433,-0.03906
2.434,-0.04395
2.435,0.01709
2.436,-0.01221
2.437,0.01221
2.438,0.02441
2.439,0.00488
2.44,-0.00244
2.441,-0.06104
2.442,-0.06104
2.443,-0.01221
2.444,-0.00244
2.445,0.00488
2.446,0.04395
2.447,0.02197
2.448,0.02686
2.449,-0.00488
2.45,-0.00244
2.451,-0.01221
2.452,0
2.453,0.02686
2.454,0.03662
2.455,0.03906
2.456,0.00732
2.457,0.00244
2.458,0.00732
2.459,0.00244
2.46,-0.01221
2.461,0
2.462,0
2.463,0.00977
2.464,0.00488
2.465,-0.01709
2.466,0.00244
2.467,-0.01709
2.468,-0.02441
2.469,-0.02197
2.47,-0.05371
2.471,-0.01709
2.472,0
2.473,-0.00732
2.474,-0.01221
2.475,0.00244
2.476,-0.03174
2.477,-0.03662
2.478,0.00732
2.479,0.02441
2.48,0.02197
2.481,0.02197
2.482,-0.01709
2.483,-0.02441
2.484,0
2.485,-0.01221
2.486,-0.00732
2.487,0.01709
2.488,0.05127
2.489,0.05127
2.49,0.03174
2.491,0.0293
2.492,-0.00732
2.493,-0.01709
2.494,-0.00977
2.495,-0.01709
2.496,0.04395
2.497,0.00977
2.498,0.00977
2.499,0.03174
2.5,0
2.501,-0.00977
2.502,-0.01709
2.503,0
2.504,0.0293
2.505,0.01221
2.506,0.01709
2.507,-0.0293
2.508,-0.00244
2.509,0.00244
2.51,0.00244
2.511,0.03174
2.512,0.04395
2.513,0.03906
2.514,0
2.515,0.00244
2.516,0
2.517,0.00244
2.518,-0.01953
2.519,0.05371
2.52,0.00244
2.521,0.01465
2.522,0.02197
2.523,0.02441
2.524,0.00244
2.525,-0.00244
2.526,-0.00244
2.527,0.02686
2.528,0.00244
2.529,0.01709
2.53,-0.03906
2.531,-0.07324
2.532,-0.01953
2.533,0.06836
2.534,0.06836
2.535,0
2.536,-0.02441
2.537,0.01465
2.538,-0.01221
2.539,-0.01465
2.54,0.01953
2.541,0.05615
2.542,0.02686
2.543,0
2.544,0.01221
2.545,0.00732
2.546,0.01465
2.547,-0.00977
2.548,-0.02441
2.549,-0.02197
2.55,0.03662
2.551,0.07568
2.552,0.06104
2.553,0.03906
2.554,-0.00732
2.555,-0.01709
2.556,-0.01953
2.557,-0.00488
2.558,-0.00488
2.559,-0.0708
2.56,-0.03418
2.561,0.0415
2.562,0.04639
2.563,0.00732
2.564,-0.02441
2.565,-0.02441
2.566,0.01709
2.567,0.04883
2.568,-0.0415
2.569,-0.06104
2.57,-0.03662
2.571,0.0293
2.572,0.02686
2.573,0.00977
2.574,-0.01709
2.575,-0.02197
2.576,-0.05371
2.577,0.00977
2.578,0.05859
2.579,0.04883
2.58,0.01465
2.581,-0.0708
2.582,-0.06836
2.583,0.00732
2.584,0.08057
2.585,0.01953
2.586,0.00244
2.587,0.00732
2.588,-0.03174
2.589,0.01709
2.59,0.00244
2.591,0.01953
2.592,0.01709
2.593,0.02686
2.594,0.01221
2.595,0.01221
2.596,0.00488
2.597,-0.00244
2.598,-0.00244
2.599,-0.00977
2.6,0.00244
2.601,0.01709
2.602,0.00977
2.603,0.03662
2.604,0.01221
2.605,0.00244
2.606,0.00488
2.607,-0.00977
2.608,-0.01953
2.609,-0.02441
2.61,-0.06348
2.611,-0.01221
2.612,0.00244
2.613,0.02197
2.614,-0.03174
2.615,-0.08545
2.616,-0.04883
2.617,0.04395
2.618,0.03174
2.619,-0.00244
2.62,-0.04639
2.621,-0.00732
2.622,-0.05127
2.623,0.00977
2.624,0.02197
2.625,-0.03418
2.626,-0.01221
2.627,0.03418
2.628,0
2.629,-0.01953
2.63,0.03418
2.631,0.02686
2.632,-0.01709
2.633,-0.03418
2.634,0.01465
2.635,0.03174
2.636,0.02441
2.637,-0.01221
2.638,-0.06836
2.639,-0.00732
2.64,0.03662
2.641,0.01221
2.642,0.02686
2.643,0.00244
2.644,-0.00488
2.645,-0.04395
2.646,-0.01465
2.647,-0.01709
2.648,-0.02197
2.649,0.00488
2.65,-0.01953
2.651,0.02441
2.652,0.03174
2.653,-0.00244
2.654,-0.05371
2.655,-0.08057
2.656,-0.02197
2.657,-0.02686
2.658,-0.0415
2.659,0.02686
2.66,0.05127
2.661,0.01953
2.662,-0.00732
2.663,-0.00244
2.664,-0.02686
2.665,-0.01709
2.666,-0.02686
2.667,-0.0293
2.668,0.01953
2.669,0.02686
2.67,-0.00732
2.671,-0.00977
2.672,0
2.673,-0.02686
2.674,-0.00488
2.675,0.00977
2.676,0.00732
2.677,-0.02686
2.678,0.01709
2.679,-0.01709
2.68,0
2.681,-0.00244
2.682,-0.00488
2.683,-0.00977
2.684,-0.01709
2.685,-0.05859
2.686,-0.04639
2.687,-0.02197
2.688,0.06104
2.689,-0.00244
2.69,-0.03418
2.691,-0.05859
2.692,0
2.693,0.00488
2.694,0.02197
2.695,0.06348
2.696,-0.02686
2.697,-0.09277
2.698,-0.08057
2.699,-0.00488
2.7,0.05859
2.701,0.05127
2.702,0.08301
2.703,-0.00488
2.704,-0.02197
2.705,0.01465
2.706,-0.01953
2.707,-0.06836
2.708,-0.10498
2.709,-0.08057
2.71,0.15381
2.711,0.19531
2.712,0.04883
2.713,0.00244
2.714,-0.00244
2.715,0.00244
2.716,-0.00244
2.717,0.00732
2.718,0.00488
2.719,-0.00488
2.72,0.05371
2.721,0.05859
2.722,0.02686
2.723,0.00488
2.724,-0.02686
2.725,0.01465
2.726,0.06836
2.727,0.03662
2.728,-0.00732
2.729,-0.00977
2.73,0.01709
2.731,0.0415
2.732,0.03174
2.733,0.00244
2.734,-0.02686
2.735,-0.02441
2.736,-0.0708
2.737,-0.01709
2.738,0.05859
2.739,0.09521
2.74,0.04639
2.741,-0.00488
2.742,-0.01953
2.743,-0.02441
2.744,0.00244
2.745,-0.03906
2.746,0.07813
2.747,0.03662
2.748,0.01465
2.749,0
2.75,-0.00977
2.751,0.05615
2.752,0.01709
2.753,0.01465
2.754,-0.01465
2.755,-0.0293
2.756,-0.02197
2.757,0.0293
2.758,0.0293
2.759,-0.00244
2.76,0.01465
2.761,0.00488
2.762,-0.00732
2.763,-0.01465
2.764,0.02686
2.765,0.02197
2.766,-0.00977
2.767,0.00488
2.768,-0.01953
2.769,-0.01953
2.77,0.02686
2.771,-0.00244
2.772,-0.0415
2.773,-0.01709
2.774,0.06592
2.775,0.04883
2.776,-0.00488
2.777,-0.00244
2.778,-0.04639
2.779,-0.05615
2.78,-0.02197
2.781,0.03418
2.782,0.03906
2.783,-0.00977
2.784,-0.00244
2.785,-0.00977
2.786,-0.02197
2.787,-0.01221
2.788,-0.00732
2.789,-0.00488
2.79,-0.03418
2.791,-0.04395
2.792,-0.01221
2.793,0.06592
2.794,0.0415
2.795,0.00488
2.796,-0.02686
2.797,0.03174
2.798,-0.00244
2.799,-0.03174
2.8,-0.0293
2.801,-0.01709
2.802,0.08301
2.803,0.01709
2.804,-0.00488
2.805,-0.03418
2.806,-0.00977
2.807,0.03174
2.808,-0.02686
2.809,-0.04883
2.81,0.00732
2.811,0.04883
2.812,0.07813
2.813,0.02197
2.814,0
2.815,-0.00977
2.816,-0.01221
2.817,0.01465
2.818,0
2.819,0
2.82,0.02197
2.821,0.01221
2.822,0.00732
2.823,0.00488
2.824,0.01465
2.825,0.01953
2.826,0.00977
2.827,0.01953
2.828,-0.00732
2.829,0.01221
2.83,0.03174
2.831,0.02441
2.832,-0.00244
2.833,-0.01221
2.834,-0.01221
2.835,0.01709
2.836,0.01221
2.837,-0.00732
2.838,-0.01221
2.839,0.00732
2.84,0.03174
2.841,0.01465
2.842,0.01221
2.843,0.03174
2.844,0.01709
2.845,-0.01465
2.846,-0.00732
2.847,-0.00732
2.848,0.01953
2.849,0.02197
2.85,-0.01221
2.851,0.00244
2.852,0.01221
2.853,0.00732
2.854,0.01953
2.855,0.00732
2.856,-0.0293
2.857,0.00977
2.858,0.01709
2.859,0.00977
2.86,-0.02197
2.861,-0.07568
2.862,-0.02441
2.863,0.00244
2.864,0.02686
2.865,0.06836
2.866,-0.00488
2.867,-0.00977
2.868,0.02197
2.869,-0.00732
2.87,-0.03662
2.871,-0.02441
2.872,-0.00977
2.873,0.03906
2.874,0.0293
2.875,0.00244
2.876,-0.00488
2.877,0.0293
2.878,-0.01709
2.879,-0.00244
2.88,0.00732
2.881,0.02197
2.882,0.01709
2.883,0.00488
2.884,-0.00244
2.885,-0.01465
2.886,0
2.887,0.00732
2.888,0.01221
2.889,0
2.89,-0.01709
2.891,-0.02197
2.892,-0.0293
2.893,-0.01953
2.894,0.00244
2.895,0.04883
2.896,0.02197
2.897,-0.01465
2.898,-0.02686
2.899,-0.03662
2.9,-0.00732
2.901,-0.00732
2.902,0.01465
2.903,0.01953
2.904,0.00977
2.905,-0.00244
2.906,0
2.907,0
2.908,-0.00977
2.909,-0.02197
2.91,-0.00488
2.911,-0.01953
2.912,0.02441
2.913,0.03174
2.914,0.0293
2.915,0.00732
2.916,-0.00488
2.917,-0.01465
2.918,-0.01465
2.919,0.00488
2.92,-0.00732
2.921,-0.00244
2.922,-0.00488
2.923,0.01221
2.924,0.00732
2.925,0.00488
2.926,0.00244
2.927,-0.00732
2.928,-0.01465
2.929,-0.01709
2.93,0
2.931,0.0293
2.932,0.01221
2.933,0
2.934,0.01953
2.935,0
2.936,-0.01709
2.937,-0.00977
2.938,0.01465
2.939,0.00244
2.94,-0.00244
2.941,-0.00732
2.942,0.01221
2.943,0.01465
2.944,0.00488
2.945,-0.00244
2.946,0.00488
2.947,0.00488
2.948,0.00488
2.949,0.00732
2.95,-0.00244
2.951,0.00732
2.952,0.00488
2.953,-0.00977
2.954,-0.01953
2.955,-0.02441
2.956,0.01465
2.957,0.01709
2.958,0.01709
2.959,-0.00244
2.96,0
2.961,-0.00488
2.962,-0.00488
2.963,-0.00977
2.964,0
2.965,0.00488
2.966,0.01221
2.967,0.00977
2.968,-0.00244
2.969,-0.01221
2.97,-0.00488
2.971,0.00977
2.972,0.01221
2.973,-0.02686
2.974,-0.0293
2.975,-0.00244
2.976,0.01221
2.977,0.02197
2.978,-0.00244
2.979,-0.01465
2.98,-0.00244
2.981,-0.01465
2.982,-0.00732
2.983,-0.01709
2.984,-0.00244
2.985,-0.00244
2.986,0.00244
2.987,0.00488
2.988,0
2.989,-0.00488
2.99,0.00488
2.991,0.00977
2.992,0.00488
2.993,0.00488
2.994,-0.00244
2.995,0.00244
2.996,-0.00244
2.997,-0.00488
2.998,0.00244
2.999,0.00488
3,0.00977
3.001,-0.00488
3.002,-0.00977
3.003,-0.00244
3.004,0.00244
3.005,-0.00732
3.006,-0.00244
3.007,0
3.008,0
3.009,-0.00488
3.01,0
3.011,0
3.012,-0.00488
3.013,-0.00488
3.014,-0.00977
3.015,-0.00732
3.016,-0.01221
3.017,-0.00244
3.018,-0.00732
3.019,0
3.02,0.00244
3.021,-0.00244
3.022,0.00244
3.023,-0.00732
3.024,-0.00977
3.025,-0.00977
3.026,-0.00488
3.027,-0.00977
3.028,-0.00244
3.029,-0.01465
3.03,-0.02197
3.031,-0.00732
3.032,0.00977
3.033,0
3.034,-0.01709
3.035,-0.00488
3.036,-0.00244
3.037,-0.00732
3.038,-0.00488
3.039,-0.00977
3.04,-0.00244
3.041,-0.01465
3.042,-0.01953
3.043,-0.01465
3.044,-0.01221
3.045,-0.00732
3.046,-0.00732
3.047,-0.00488
3.048,-0.01221
3.049,-0.00977
3.05,-0.00977
3.051,-0.00488
3.052,-0.01221
3.053,-0.00977
3.054,-0.00732
3.055,0
3.056,-0.00977
3.057,-0.00488
3.058,0.00244
3.059,-0.00488
3.06,0.00488
3.061,-0.00977
3.062,-0.00732
3.063,0.00488
3.064,0.00488
3.065,-0.00488
3.066,-0.00244
3.067,0
3.068,0.00488
3.069,-0.00244
3.07,-0.00244
3.071,0
3.072,0.00488
3.073,0.00488
3.074,-0.00244
3.075,-0.00244
3.076,-0.01709
3.077,-0.00244
3.078,0.00244
3.079,0.00977
3.08,0
3.081,0
3.082,-0.00732
3.083,-0.00977
3.084,-0.00244
3.085,-0.00244
3.086,0.00244
3.087,0.00488
3.088,-0.00244
3.089,-0.00244
3.09,0.00244
3.091,-0.00244
3.092,0.00244
3.093,0.00244
3.094,-0.00977
3.095,0.00244
3.096,0.00244
3.097,0.00488
3.098,-0.00244
3.099,0.00244
3.1,0.00244
3.101,0.00244
3.102,0.00488
3.103,0.00244
3.104,-0.00244
3.105,0.00488
3.106,0.00732
3.107,0
3.108,0
3.109,0.00488
3.11,-0.00488
3.111,0.01709
3.112,0.01465
3.113,0.00732
3.114,0
3.115,0.00732
3.116,0
3.117,0.00732
3.118,0.00488
3.119,0.01221
3.12,0.00732
3.121,0.00244
3.122,0.00244
3.123,-0.00244
3.124,0.00977
3.125,0
3.126,0.00488
3.127,-0.00488
3.128,-0.00244
3.129,0.00244
3.13,0
3.131,0.00977
3.132,0
3.133,0.00488
3.134,0.00488
3.135,0.00244
3.136,-0.00488
3.137,-0.00488
3.138,0.00488
3.139,-0.00244
3.14,0
3.141,-0.00244
3.142,0.00244
3.143,-0.00244
3.144,0.00488
3.145,0.00244
3.146,0
3.147,0
3.148,-0.00244
3.149,-0.00244
3.15,-0.00732
3.151,-0.00488
3.152,0
3.153,0.00732
3.154,-0.00244
3.155,0
3.156,-0.00488
3.157,0.00732
3.158,0.00488
3.159,0.00244
3.16,-0.00488
3.161,0.00244
3.162,0
3.163,-0.00244
3.164,-0.00244
3.165,-0.00244
3.166,0
3.167,0.00244
3.168,-0.00244
3.169,-0.00488
3.17,-0.00244
3.171,0
3.172,-0.00488
3.173,0
3.174,-0.00244
3.175,0.00488
3.176,-0.00244
3.177,-0.00244
3.178,0
3.179,-0.00244
3.18,0
3.181,-0.00488
3.182,-0.00488
3.183,-0.00488
3.184,0.00244
3.185,0.00244
3.186,0.00488
3.187,0.00488
3.188,-0.00488
3.189,0
3.19,0.00488
3.191,0.00732
3.192,0.00488
3.193,0
3.194,0.00488
3.195,0.01221
3.196,0.00488
3.197,0.00244
3.198,0.01221
3.199,0.01465
3.2,0.01221
3.201,0.00244
3.202,0.00488
3.203,0.00977
3.204,0.01465
3.205,0.00732
3.206,0.00977
3.207,0.01709
3.208,0.00488
3.209,0.01465
3.21,0.00977
3.211,0.00244
3.212,0.00732
3.213,0.01221
3.214,0.00488
3.215,0.00977
3.216,-0.00488
3.217,0.00244
3.218,0.01465
3.219,0.00977
3.22,0.00977
3.221,0
3.222,0.00244
3.223,-0.00732
3.224,0.00244
3.225,0.00732
3.226,0.00977
3.227,0.00732
3.228,-0.00244
3.229,-0.00488
3.23,-0.01465
3.231,0
3.232,0.00244
3.233,0
3.234,-0.00977
3.235,-0.00488
3.236,-0.00244
3.237,0
3.238,0.00244
3.239,0.00977
3.24,0
3.241,0.00244
3.242,0.00488
3.243,-0.00732
3.244,-0.00244
3.245,-0.00244
3.246,0.00488
3.247,0.00244
3.248,-0.01221
3.249,-0.00732
3.25,-0.00244
3.251,0.00732
3.252,0.00244
3.253,-0.00488
3.254,-0.00488
3.255,-0.00732
3.256,-0.00488
3.257,-0.00488
3.258,-0.01221
3.259,-0.00244
3.26,0
3.261,-0.00977
3.262,-0.01465
3.263,-0.01465
3.264,-0.00244
3.265,-0.00977
3.266,-0.00488
3.267,0.00488
3.268,-0.01221
3.269,-0.00732
3.27,-0.00977
3.271,-0.00488
3.272,0.00244
3.273,0
3.274,0.00244
3.275,-0.00244
3.276,-0.00732
3.277,-0.00244
3.278,0
3.279,0.00488
3.28,-0.00244
3.281,-0.00488
3.282,0
3.283,0
3.284,0.00244
3.285,-0.00244
3.286,0.00244
3.287,0.00732
3.288,0.00488
3.289,-0.00977
3.29,-0.01465
3.291,-0.00244
3.292,-0.00244
3.293,0.00244
3.294,-0.00732
3.295,-0.00244
3.296,-0.00977
3.297,-0.00732
3.298,0.00488
3.299,-0.00244
3.3,-0.00244
3.301,-0.00732
3.302,-0.00488
3.303,-0.00732
3.304,-0.00244
3.305,-0.01465
3.306,-0.00732
3.307,-0.00244
3.308,-0.00732
3.309,-0.02197
3.31,-0.01709
3.311,-0.00488
3.312,-0.00977
3.313,0.00244
3.314,-0.00977
3.315,-0.00732
3.316,-0.00977
3.317,-0.00977
3.318,-0.00732
3.319,-0.01221
3.32,-0.00244
3.321,-0.00244
3.322,-0.00244
3.323,-0.00732
3.324,-0.00732
3.325,-0.00488
3.326,-0.00244
3.327,0.00244
3.328,-0.00977
3.329,-0.01221
3.33,-0.00977
3.331,0.00488
3.332,-0.00977
3.333,0
3.334,0
3.335,-0.00488
3.336,-0.01221
3.337,-0.00244
3.338,0
3.339,0.00732
3.34,0.00488
3.341,0
3.342,-0.00488
3.343,-0.00488
3.344,0
3.345,-0.00732
3.346,-0.00244
3.347,0.00977
3.348,0.00732
3.349,0.00488
3.35,-0.00488
3.351,0.00244
3.352,0
3.353,0.00244
3.354,0.00488
3.355,0.00977
3.356,-0.00732
3.357,-0.00244
3.358,0.00488
3.359,-0.00244
3.36,0
